{
    "": [
        "06:00",
        "06:01",
        "06:02",
        "06:03",
        "06:04",
        "06:05",
        "06:06",
        "06:07",
        "06:08",
        "06:09",
        "06:10",
        "06:11",
        "06:12",
        "06:13",
        "06:14",
        "06:15",
        "06:16",
        "06:17",
        "06:18",
        "06:19",
        "06:20",
        "06:21",
        "06:22",
        "06:23",
        "06:24",
        "06:25",
        "06:26",
        "06:27",
        "06:28",
        "06:29",
        "06:30",
        "06:31",
        "06:32",
        "06:33",
        "06:34",
        "06:35",
        "06:36",
        "06:37",
        "06:38",
        "06:39",
        "06:40",
        "06:41",
        "06:42",
        "06:43",
        "06:44",
        "06:45",
        "06:46",
        "06:47",
        "06:48",
        "06:49",
        "06:50",
        "06:51",
        "06:52",
        "06:53",
        "06:54",
        "06:55",
        "06:56",
        "06:57",
        "06:58",
        "06:59"
    ],
    "820 SB": [
        4020.0,
        6240.0,
        5160.0,
        4620.0,
        4740.0,
        6060.0,
        4800.0,
        5220.0,
        7680.0,
        3900.0,
        4560.0,
        6120.0,
        4680.0,
        4800.0,
        4560.0,
        4800.0,
        5760.0,
        5640.0,
        5340.0,
        5820.0,
        5520.0,
        5040.0,
        4020.0,
        4500.0,
        4260.0,
        5580.0,
        3900.0,
        5760.0,
        5220.0,
        5160.0,
        4560.0,
        5640.0,
        4800.0,
        5280.0,
        4980.0,
        4020.0,
        5640.0,
        5280.0,
        5040.0,
        4080.0,
        4320.0,
        5460.0,
        4500.0,
        4920.0,
        4620.0,
        4260.0,
        5040.0,
        5280.0,
        4260.0,
        3900.0,
        4020.0,
        5280.0,
        5400.0,
        3600.0,
        5340.0,
        5160.0,
        5520.0,
        4920.0,
        4140.0,
        4560.0
    ],
    "819 SB": [
        4080.0,
        5100.0,
        6240.0,
        5100.0,
        4860.0,
        5280.0,
        5160.0,
        4980.0,
        6180.0,
        5880.0,
        4800.0,
        4980.0,
        5760.0,
        5160.0,
        4320.0,
        4800.0,
        5520.0,
        6180.0,
        4980.0,
        6420.0,
        5340.0,
        5580.0,
        4680.0,
        3840.0,
        4620.0,
        4560.0,
        4980.0,
        4860.0,
        5640.0,
        4740.0,
        5580.0,
        3900.0,
        5760.0,
        5280.0,
        5520.0,
        4440.0,
        4140.0,
        6000.0,
        5100.0,
        4980.0,
        4200.0,
        4920.0,
        4800.0,
        4980.0,
        4920.0,
        4440.0,
        4440.0,
        5340.0,
        5400.0,
        3360.0,
        4740.0,
        4560.0,
        5760.0,
        4200.0,
        4260.0,
        4920.0,
        5400.0,
        5580.0,
        4440.0,
        4800.0
    ],
    "818 SB": [
        4680.0,
        4080.0,
        6360.0,
        5700.0,
        4680.0,
        5280.0,
        5040.0,
        5040.0,
        5340.0,
        6240.0,
        5700.0,
        4200.0,
        5520.0,
        5460.0,
        4440.0,
        4620.0,
        5100.0,
        6300.0,
        5520.0,
        5940.0,
        5700.0,
        5400.0,
        4800.0,
        4320.0,
        4260.0,
        4440.0,
        5280.0,
        4200.0,
        5760.0,
        5220.0,
        5220.0,
        3840.0,
        5340.0,
        6120.0,
        5280.0,
        4920.0,
        3840.0,
        5520.0,
        5700.0,
        5040.0,
        3780.0,
        4980.0,
        4980.0,
        5040.0,
        4860.0,
        4260.0,
        4860.0,
        4680.0,
        5580.0,
        4140.0,
        4200.0,
        3960.0,
        5520.0,
        4980.0,
        3840.0,
        5460.0,
        5340.0,
        5700.0,
        4800.0,
        4560.0
    ],
    "817 SB": [
        5220.0,
        3540.0,
        5880.0,
        5820.0,
        4380.0,
        5040.0,
        6180.0,
        4560.0,
        5220.0,
        6060.0,
        5880.0,
        4560.0,
        5580.0,
        5400.0,
        4680.0,
        4560.0,
        4740.0,
        6180.0,
        5400.0,
        5520.0,
        6060.0,
        5340.0,
        5160.0,
        4200.0,
        4320.0,
        4380.0,
        5400.0,
        3960.0,
        5340.0,
        5460.0,
        5460.0,
        4380.0,
        4980.0,
        5580.0,
        5460.0,
        5040.0,
        4140.0,
        4860.0,
        6060.0,
        5040.0,
        4260.0,
        4320.0,
        5520.0,
        4680.0,
        4860.0,
        4440.0,
        4680.0,
        4800.0,
        5340.0,
        4560.0,
        3900.0,
        4020.0,
        5400.0,
        5220.0,
        3840.0,
        5520.0,
        4980.0,
        5400.0,
        5400.0,
        3960.0
    ],
    "816 SB": [
        4080.0,
        3600.0,
        4920.0,
        6180.0,
        4440.0,
        4500.0,
        5460.0,
        4620.0,
        4920.0,
        5280.0,
        5580.0,
        4380.0,
        4740.0,
        5160.0,
        4740.0,
        3900.0,
        4920.0,
        4980.0,
        5640.0,
        4440.0,
        6000.0,
        5160.0,
        5460.0,
        4380.0,
        3360.0,
        4380.0,
        4740.0,
        4680.0,
        4380.0,
        5100.0,
        4560.0,
        5220.0,
        4140.0,
        4440.0,
        5460.0,
        4740.0,
        3900.0,
        3720.0,
        5820.0,
        4320.0,
        4800.0,
        3360.0,
        4740.0,
        4260.0,
        4320.0,
        4680.0,
        4200.0,
        4380.0,
        5040.0,
        4920.0,
        3180.0,
        4560.0,
        4440.0,
        5340.0,
        3780.0,
        3780.0,
        4860.0,
        4860.0,
        5100.0,
        4380.0
    ],
    "815 SB": [
        3900.0,
        4260.0,
        3840.0,
        6300.0,
        4980.0,
        4740.0,
        4800.0,
        5040.0,
        4500.0,
        4680.0,
        5760.0,
        5460.0,
        3780.0,
        4860.0,
        5340.0,
        3720.0,
        4740.0,
        4860.0,
        5940.0,
        4740.0,
        5400.0,
        5760.0,
        5040.0,
        4620.0,
        3960.0,
        4140.0,
        4320.0,
        5160.0,
        3960.0,
        4920.0,
        4800.0,
        5460.0,
        3600.0,
        4620.0,
        5640.0,
        4800.0,
        4140.0,
        3480.0,
        5100.0,
        5100.0,
        4860.0,
        3480.0,
        4560.0,
        4200.0,
        4380.0,
        4500.0,
        4320.0,
        4320.0,
        4380.0,
        5100.0,
        4200.0,
        3840.0,
        3720.0,
        5340.0,
        4200.0,
        3360.0,
        4860.0,
        4800.0,
        4800.0,
        4980.0
    ],
    "814 SB": [
        4500.0,
        4560.0,
        3120.0,
        5640.0,
        5760.0,
        3780.0,
        4740.0,
        5940.0,
        4020.0,
        5460.0,
        5400.0,
        5220.0,
        4260.0,
        4680.0,
        5340.0,
        4020.0,
        4260.0,
        5040.0,
        5760.0,
        4620.0,
        5340.0,
        5940.0,
        4980.0,
        4500.0,
        4500.0,
        3720.0,
        4080.0,
        5280.0,
        3780.0,
        4860.0,
        5100.0,
        5040.0,
        4500.0,
        4680.0,
        4800.0,
        4740.0,
        3960.0,
        4260.0,
        4500.0,
        5400.0,
        4560.0,
        4080.0,
        3840.0,
        4680.0,
        4440.0,
        4200.0,
        4200.0,
        4200.0,
        4200.0,
        4800.0,
        4500.0,
        3420.0,
        4140.0,
        4680.0,
        4380.0,
        4080.0,
        4080.0,
        4440.0,
        4140.0,
        4140.0
    ],
    "813 SB": [
        3120.0,
        2700.0,
        2160.0,
        3120.0,
        3420.0,
        2700.0,
        2520.0,
        3420.0,
        2640.0,
        3360.0,
        3180.0,
        3120.0,
        2640.0,
        2940.0,
        3540.0,
        2220.0,
        2940.0,
        2880.0,
        3360.0,
        3120.0,
        2520.0,
        3240.0,
        3120.0,
        3120.0,
        2940.0,
        1920.0,
        2760.0,
        2820.0,
        2940.0,
        2640.0,
        2880.0,
        2460.0,
        3300.0,
        2400.0,
        2400.0,
        3000.0,
        3060.0,
        2820.0,
        2580.0,
        2760.0,
        3240.0,
        2700.0,
        2400.0,
        2880.0,
        2820.0,
        2400.0,
        2460.0,
        2220.0,
        2700.0,
        2940.0,
        2460.0,
        2580.0,
        2520.0,
        2460.0,
        3300.0,
        2760.0,
        2280.0,
        2520.0,
        2100.0,
        2520.0
    ],
    "812 SB": [
        6240.0,
        5640.0,
        5760.0,
        5280.0,
        7920.0,
        6540.0,
        6300.0,
        5940.0,
        5820.0,
        6120.0,
        5760.0,
        7020.0,
        6720.0,
        5220.0,
        7680.0,
        6000.0,
        5460.0,
        6420.0,
        6720.0,
        5880.0,
        5880.0,
        6360.0,
        6720.0,
        5280.0,
        6300.0,
        5580.0,
        6060.0,
        6660.0,
        5880.0,
        5640.0,
        5640.0,
        5880.0,
        5760.0,
        5940.0,
        5760.0,
        5760.0,
        7020.0,
        5820.0,
        5700.0,
        6000.0,
        6360.0,
        5100.0,
        6060.0,
        5700.0,
        6000.0,
        5340.0,
        5940.0,
        6300.0,
        6240.0,
        5700.0,
        5040.0,
        5340.0,
        6600.0,
        6240.0,
        5280.0,
        6360.0,
        5940.0,
        4920.0,
        5460.0,
        5760.0
    ],
    "811 SB": [
        5940.0,
        5520.0,
        5880.0,
        4560.0,
        6360.0,
        7320.0,
        5820.0,
        5580.0,
        6240.0,
        5520.0,
        6660.0,
        5700.0,
        6840.0,
        5520.0,
        6060.0,
        6060.0,
        5100.0,
        5940.0,
        6540.0,
        6120.0,
        6000.0,
        5940.0,
        6240.0,
        6060.0,
        5760.0,
        6180.0,
        5580.0,
        6120.0,
        5520.0,
        5700.0,
        5820.0,
        5400.0,
        5820.0,
        5940.0,
        5580.0,
        6240.0,
        5760.0,
        5880.0,
        5940.0,
        5940.0,
        5460.0,
        6000.0,
        5640.0,
        5460.0,
        5580.0,
        5940.0,
        5820.0,
        6840.0,
        5820.0,
        5400.0,
        5580.0,
        5460.0,
        6240.0,
        5580.0,
        5640.0,
        6000.0,
        5460.0,
        5640.0,
        5400.0,
        5400.0
    ],
    "810 SB": [
        6300.0,
        6180.0,
        5760.0,
        4200.0,
        6540.0,
        6840.0,
        6420.0,
        5520.0,
        6420.0,
        6120.0,
        6420.0,
        5520.0,
        6540.0,
        5940.0,
        6360.0,
        6000.0,
        5220.0,
        5940.0,
        6240.0,
        6480.0,
        6060.0,
        6060.0,
        6360.0,
        5940.0,
        6180.0,
        6120.0,
        6060.0,
        5400.0,
        5880.0,
        6060.0,
        5820.0,
        5520.0,
        6000.0,
        6420.0,
        5760.0,
        5940.0,
        6060.0,
        5940.0,
        5700.0,
        5820.0,
        6420.0,
        5760.0,
        6060.0,
        5580.0,
        5940.0,
        5820.0,
        6240.0,
        6360.0,
        6360.0,
        5400.0,
        5460.0,
        5340.0,
        6240.0,
        6480.0,
        5760.0,
        5640.0,
        6180.0,
        5820.0,
        5820.0,
        5280.0
    ]
}