<additional>
	<calibrator id="A1" lane="444071875_0" pos="1.00" out="result.xml">
		<flow begin="0" end="300" id="444071875_M2.40" vehsPerHour="1456" route="444071875_M2.4" type="carr" />
		<flow begin="300" end="600" id="444071875_M2.41" vehsPerHour="1456" route="444071875_M2.4" type="carr" />
		<flow begin="600" end="900" id="444071875_M2.42" vehsPerHour="1216" route="444071875_M2.4" type="carr" />
		<flow begin="900" end="1200" id="444071875_M2.43" vehsPerHour="1138" route="444071875_M2.4" type="carr" />
		<flow begin="1200" end="1500" id="444071875_M2.44" vehsPerHour="1322" route="444071875_M2.4" type="carr" />
		<flow begin="1500" end="1800" id="444071875_M2.45" vehsPerHour="1384" route="444071875_M2.4" type="carr" />
		<flow begin="1800" end="2100" id="444071875_M2.46" vehsPerHour="1162" route="444071875_M2.4" type="carr" />
		<flow begin="2100" end="2400" id="444071875_M2.47" vehsPerHour="1336" route="444071875_M2.4" type="carr" />
		<flow begin="2400" end="2700" id="444071875_M2.48" vehsPerHour="3222" route="444071875_M2.4" type="carr" />
		<flow begin="2700" end="3000" id="444071875_M2.49" vehsPerHour="8042" route="444071875_M2.4" type="carr" />
		<flow begin="3000" end="3300" id="444071875_M2.410" vehsPerHour="8266" route="444071875_M2.4" type="carr" />
		<flow begin="3300" end="3600" id="444071875_M2.411" vehsPerHour="11314" route="444071875_M2.4" type="carr" />
		<flow begin="3600" end="3900" id="444071875_M2.412" vehsPerHour="11356" route="444071875_M2.4" type="carr" />
		<flow begin="3900" end="4200" id="444071875_M2.413" vehsPerHour="11302" route="444071875_M2.4" type="carr" />
	</calibrator>
	<calibrator id="A2" lane="444071875_1" pos="1.00" out="result.xml">
		<flow begin="0" end="300" id="444071875_M2.40" vehsPerHour="1376" route="444071875_M2.4" type="carr" />
		<flow begin="300" end="600" id="444071875_M2.41" vehsPerHour="1556" route="444071875_M2.4" type="carr" />
		<flow begin="600" end="900" id="444071875_M2.42" vehsPerHour="2016" route="444071875_M2.4" type="carr" />
		<flow begin="900" end="1200" id="444071875_M2.43" vehsPerHour="2238" route="444071875_M2.4" type="carr" />
		<flow begin="1200" end="1500" id="444071875_M2.44" vehsPerHour="2022" route="444071875_M2.4" type="carr" />
		<flow begin="1500" end="1800" id="444071875_M2.45" vehsPerHour="2184" route="444071875_M2.4" type="carr" />
		<flow begin="1800" end="2100" id="444071875_M2.46" vehsPerHour="2862" route="444071875_M2.4" type="carr" />
		<flow begin="2100" end="2400" id="444071875_M2.47" vehsPerHour="2136" route="444071875_M2.4" type="carr" />
		<flow begin="2400" end="2700" id="444071875_M2.48" vehsPerHour="5522" route="444071875_M2.4" type="carr" />
		<flow begin="2700" end="3000" id="444071875_M2.49" vehsPerHour="5522" route="444071875_M2.4" type="carr" />
		<flow begin="3000" end="3300" id="444071875_M2.410" vehsPerHour="11522" route="444071875_M2.4" type="carr" />
		<flow begin="3300" end="3600" id="444071875_M2.411" vehsPerHour="11522" route="444071875_M2.4" type="carr" />
		<flow begin="3600" end="3900" id="444071875_M2.412" vehsPerHour="11522" route="444071875_M2.4" type="carr" />
		<flow begin="3900" end="4200" id="444071875_M2.413" vehsPerHour="11522" route="444071875_M2.4" type="carr" />
	</calibrator>
	<calibrator id="B1" lane="444071875_2" pos="1.00" out="result.xml">
		<flow begin="0" end="300" id="444071875_Off30" vehsPerHour="300" route="444071875_Off3" type="carr" />
		<flow begin="300" end="600" id="444071875_Off31" vehsPerHour="168" route="444071875_Off3" type="carr" />
		<flow begin="600" end="900" id="444071875_Off32" vehsPerHour="324" route="444071875_Off3" type="carr" />
		<flow begin="900" end="1200" id="444071875_Off33" vehsPerHour="456" route="444071875_Off3" type="carr" />
		<flow begin="1200" end="1500" id="444071875_Off34" vehsPerHour="300" route="444071875_Off3" type="carr" />
		<flow begin="1500" end="1800" id="444071875_Off35" vehsPerHour="504" route="444071875_Off3" type="carr" />
		<flow begin="1800" end="2100" id="444071875_Off36" vehsPerHour="144" route="444071875_Off3" type="carr" />
		<flow begin="2100" end="2400" id="444071875_Off37" vehsPerHour="252" route="444071875_Off3" type="carr" />
		<flow begin="2400" end="2700" id="444071875_Off38" vehsPerHour="0" route="444071875_Off3" type="carr" />
		<flow begin="2700" end="3000" id="444071875_Off39" vehsPerHour="0" route="444071875_Off3" type="carr" />
		<flow begin="3000" end="3300" id="444071875_Off310" vehsPerHour="0" route="444071875_Off3" type="carr" />
		<flow begin="3300" end="3600" id="444071875_Off311" vehsPerHour="0" route="444071875_Off3" type="carr" />
		<flow begin="3600" end="3900" id="444071875_Off312" vehsPerHour="0" route="444071875_Off3" type="carr" />
		<flow begin="3900" end="4200" id="444071875_Off313" vehsPerHour="0" route="444071875_Off3" type="carr" />
	</calibrator>
	<calibrator id="C1" edge="On3" pos="1.00" out="result.xml">
		<flow begin="0" end="300" id="On3_M2.40" vehsPerHour="520" route="On3_M2.4" type="carr" />
		<flow begin="300" end="600" id="On3_M2.41" vehsPerHour="632" route="On3_M2.4" type="carr" />
		<flow begin="600" end="900" id="On3_M2.42" vehsPerHour="692" route="On3_M2.4" type="carr" />
		<flow begin="900" end="1200" id="On3_M2.43" vehsPerHour="736" route="On3_M2.4" type="carr" />
		<flow begin="1200" end="1500" id="On3_M2.44" vehsPerHour="1772" route="On3_M2.4" type="carr" />
		<flow begin="1500" end="1800" id="On3_M2.45" vehsPerHour="13872" route="On3_M2.4" type="carr" />
		<flow begin="1800" end="2100" id="On3_M2.46" vehsPerHour="13932" route="On3_M2.4" type="carr" />
		<flow begin="2100" end="2400" id="On3_M2.47" vehsPerHour="14388" route="On3_M2.4" type="carr" />
		<flow begin="2400" end="2700" id="On3_M2.48" vehsPerHour="14316" route="On3_M2.4" type="carr" />
		<flow begin="2700" end="3000" id="On3_M2.49" vehsPerHour="114348" route="On3_M2.4" type="carr" />
		<flow begin="3000" end="3300" id="On3_M2.410" vehsPerHour="114444" route="On3_M2.4" type="carr" />
		<flow begin="3300" end="3600" id="On3_M2.411" vehsPerHour="114792" route="On3_M2.4" type="carr" />
		<flow begin="3600" end="3900" id="On3_M2.412" vehsPerHour="114392" route="On3_M2.4" type="carr" />
		<flow begin="3900" end="4200" id="On3_M2.413" vehsPerHour="114612" route="On3_M2.4" type="carr" />
	</calibrator>
</additional>

